mae,median_ae
0.4211684782608696,0.3478260869565215
