mae,median_ae
0.43047619047619046,0.3428571428571425
