mae,median_ae
0.4265760869565217,0.33913043478260896
